1.161,0.89912,1.01,0.00098344,1.0564,0.0038438
0.74641,1.022,0.93823,-0.20315,0.93064,0.02202
1.1511,0.83124,1.0512,0.16234,0.92585,0.0018472
1.1121,1.2183,1.0506,-0.0084455,1.0691,0.0027415
1.1105,0.93475,1.0608,0.14767,0.98899,0.00045967
0.70315,1.1267,0.93566,-0.28106,0.84151,0.004498
0.89899,0.82374,0.98146,-0.015157,0.83422,0.022034
1.1378,1.2549,1.0604,0.10309,1.0125,0.0020232
1.1597,1.319,1.0509,0.25366,1.0526,0.0017563
1.1883,1.3928,0.87682,-0.17347,0.85155,0.013581
0.85744,0.48092,1.0789,0.22194,1.0756,0.015034
0.9872,0.57035,1.0158,-0.10789,1.1063,0.0044708
1.1791,0.99727,1.0784,0.30664,1.1859,0.00046797
0.99946,0.78675,1.1055,0.34454,1.2073,0.012764
0.57886,0.88793,0.53046,-0.54455,0.46477,0.011918
0.90938,0.43794,1.084,0.26084,1.2233,0.0037981
0.53966,0.87441,0.88883,-0.35772,0.96252,0.0091684
1.1036,1.1892,1.0676,0.061567,1.0603,0.0030139
1.0232,1.1103,1.0613,0.20283,0.99148,0.0087798
0.843,1.1037,0.91461,-0.21422,0.67018,0.021228
1.1374,0.82369,1.0637,0.22684,0.87207,0.0033076
0.70398,1.0019,0.94469,-0.16804,0.9201,0.0029062
0.90783,1.1098,1.1111,0.28795,1.1367,0.0066859
0.72641,0.75274,0.76643,-0.47269,0.78468,0.046204
1.118,1.0737,1.038,0.09813,1.0677,0.0010935
1.1397,0.95669,1.0365,0.1465,1.0278,0.0041268
1.1566,0.94494,1.1184,0.22852,1.2946,0.0015568
0.99884,0.34071,1.0175,-0.11298,1.0065,0.0072653
1.1769,0.78674,0.89592,-0.21863,0.81349,0.011396
1.1489,0.66157,1.0569,-0.024919,0.92324,0.015599
0.93072,1.1333,1.1328,0.22793,1.1824,0.0062526
0.90392,0.89908,1.075,0.18267,0.98178,0.0020146
0.97797,1.2203,1.1739,0.27752,1.5065,0.0017194
1.0034,1.2361,1.1013,0.32266,1.1449,0.0073979
1.1434,0.79451,1.1288,0.34505,1.0084,0.00089265
0.36311,0.99276,0.63871,-0.64516,0.50923,0.013749
0.33254,0.86462,0.45203,-0.66254,0.38403,0.0067532
1.1405,1.3298,1.0478,0.07378,1.079,0.011042
0.89665,1.1197,1.1004,0.23347,1.2505,0.0013256
0.84377,1.2334,0.95133,-0.061367,1.0728,0.0039059
1.0394,0.91953,1.2017,0.65554,1.2669,0.0028414
0.98564,1.0541,1.099,0.31841,1.0101,0.02329
1.1608,1.065,0.59188,-0.51562,0.54541,0.0086427
1.0283,0.81612,1.0274,0.045829,0.99215,0.0037197
0.88431,1.1984,1.0944,0.15226,1.2355,0.0051545
1.1429,1.2307,1.0197,-0.016566,1.0029,0.016771
0.73713,0.5618,0.9039,-0.22611,0.74753,0.0018593
1.2258,1.2131,1.0049,-0.044284,0.88771,0.012648
0.68851,0.68087,0.8708,-0.31467,0.69259,0.0034423
1.1288,1.0612,1.0424,0.031098,1.2105,0.00049798
1.1093,0.84504,1.0309,0.041825,1.0579,0.0027528
1.1632,0.65011,1.0789,0.23046,0.94624,0.0029489
1.1791,0.92748,1.0077,-0.11775,0.73392,0.014381
1.0556,0.98534,1.1075,0.15502,1.0489,0.0041303
1.1516,0.56995,1.0137,0.0083323,1.109,0.0062416
1.0167,0.62797,1.077,0.15754,1.2779,0.0051267
1.0695,1.1036,1.0351,0.035241,1.095,0.0042467
1.178,1.2437,0.97582,-0.072621,0.84971,0.0049096
0.86962,0.98373,0.9924,0.0088701,0.99399,0.027433
0.54293,1.2685,0.58492,-0.55347,0.49317,0.0028342
0.8035,0.67618,0.96985,-0.21273,0.87574,0.00054738
1.1494,0.82658,1.0567,0.15577,1.2545,0.0068959
0.99955,0.93738,1.0232,0.11152,0.94353,0.0045194
1.0486,0.84838,1.0351,0.044288,1.1673,0.0056625
1.0487,0.91188,1.0626,0.1561,0.96119,0.02838
1.1578,1.0025,1.0394,-0.0036874,0.894,0.0058782
1.1266,0.94912,1.0623,0.17684,1.0812,0.0017408
1.2045,1.2341,0.9991,-0.031269,1.0976,0.0039357
1.1677,0.93895,0.99968,-0.02508,1.0219,0.0062643
0.91847,1.3108,0.96716,-0.13589,0.88872,0.022999
1.1977,0.61225,0.55669,-0.67681,0.48133,0.0026394
1.0875,0.94344,1.0702,0.25427,1.1218,0.0042038
1.0485,0.95816,1.1198,0.37211,0.99721,0.011075
1.0047,1.3741,0.96798,-0.27233,0.90211,0.00095259
1.0796,0.6959,1.0083,0.1051,0.87394,0.00012604
0.6416,0.74634,0.86847,-0.31576,0.74275,0.0033302
1.1532,0.89851,1.0414,0.04054,0.96873,0.0024204
1.1548,1.2903,1.0376,0.070406,1.0305,0.0038277
0.95081,0.81911,1.0619,0.079745,1.152,0.065671
1.1716,1.3208,1.0659,0.21371,0.97338,0.0016378
1.1174,1.0765,1.0409,0.21579,0.9841,0.019796
0.94831,1.1789,0.98476,0.015182,0.80732,0.029329
1.2265,1.0472,0.94463,-0.21679,1.0609,0.0020448
1.1188,1.0675,1.075,0.30504,0.93328,0.0063213
1.2161,0.88757,0.85117,-0.53667,0.88418,0.0073803
1.0082,0.77462,0.96493,-0.13305,0.89314,0.031395
1.1455,1.0358,1.0311,0.039714,0.91958,0.0015838
1.0018,1.0612,1.0752,0.23151,0.90284,0.029895
0.76789,0.60972,0.95937,-0.065036,0.89163,0.0007143
1.1985,0.93334,0.91593,-0.26352,0.88745,0.0036781
0.63181,1.1546,0.9042,-0.35766,0.92645,0.0095637
1.1144,1.1134,1.0814,0.22591,0.93912,0.013281
0.61294,0.70399,0.99185,-0.0034752,0.94206,0.0090186
1.0518,0.92338,0.9995,-0.017212,0.87429,0.00038968
1.197,1.2244,1.0809,0.2139,0.97924,0.0041387
1.018,1.2476,1.0712,-0.038583,1.1752,0.0051879
1.2208,0.66508,0.91318,-0.3004,1.0248,0.013743
1.18,0.69904,0.92499,-0.23241,0.97434,0.0010584
0.92086,1.129,0.92459,-0.31009,0.87165,0.0015768
0.99636,1.2168,1.1333,0.39085,1.2977,0.039171
0.79582,1.0851,1.1123,0.22807,1.2762,0.0096032
1.0331,0.88906,1.0621,0.087421,1.1278,0.0060577
0.93493,0.87225,1.0961,0.27281,1.1448,0.013868
1.1839,1.2692,1.0487,0.23003,1.2172,0.002013
1.0708,0.84282,1.0403,0.19093,1.1452,0.0011255
1.0726,0.81858,1.0747,0.15454,0.97029,0.001238
0.8999,1.1547,1.1396,0.43286,1.3523,0.01552
1.1177,0.98733,1.0128,-0.038423,1.0971,0.0010854
0.9081,0.76018,1.0895,0.30433,1.1135,0.0046529
1.2004,1.0651,0.80175,-0.52299,0.76897,0.079854
1.1399,1.3429,1.049,0.15029,1.0262,0.0041249
0.43598,0.87385,0.52158,-0.55311,0.46998,0.0038469
0.64699,1.3034,0.75638,-0.47076,0.63867,0.0049876
1.0604,0.61377,1.0437,0.14332,0.98102,0.044924
0.83676,1.2313,1.0635,0.14002,0.93782,0.0072622
0.78916,0.59632,1.0384,0.073032,1.0228,0.012887
1.2592,1.1931,0.76997,-0.40169,0.58099,0.0054947
1.1098,1.067,1.0104,-0.044713,0.92891,0.0010841
0.9891,0.95214,1.1322,0.23306,1.0217,0.0045598
0.96011,1.2188,1.053,-0.0039468,1.0217,0.0065142
1.0636,1.0324,1.0737,0.18365,0.98391,0.0054376
0.92397,1.1521,0.92863,-0.20909,0.98215,0.0057486
0.90419,0.70171,1.0672,0.099084,1.0391,0.0059251
1.1916,1.1608,1.0241,-0.0096751,0.87315,0.013363
1.1847,0.98126,1.0368,0.22933,0.93167,0.0027948
1.0075,1.1818,1.0983,0.29121,1.2504,0.0010763
1.1099,0.82753,1.0872,0.30637,1.0076,0.0053442
1.0546,1.0088,1.0437,0.12243,1.1023,0.0021967
0.92031,0.97652,1.0709,0.044385,1.0764,0.00076362
1.1383,0.9638,0.55509,-0.67023,0.46333,0.014359
1.1557,1.0763,1.0511,0.06924,1.0872,0.0037001
0.92323,1.088,0.95799,-0.29916,0.81745,0.0010512
0.73241,0.98717,0.84013,-0.29716,0.66743,0.014773
1.1512,1.0747,0.76479,-0.51332,0.7099,0.0067295
1.1716,1.3875,1.0878,0.16428,1.0893,0.0058133
1.1465,1.153,0.89197,-0.24352,0.7814,0.0011943
0.87596,1.3677,0.89354,-0.31022,0.7199,0.049029
1.113,0.98339,1.0295,0.09823,0.99788,0.0025272
0.69525,0.46081,0.87003,-0.31698,0.79181,0.0091799
1.0827,1.3833,1.0239,0.026806,0.92949,0.0050502
1.0436,1.2814,1.0541,0.069375,1.2879,0.00040982
1.0732,1.3753,1.1329,0.39225,1.247,0.0028895
1.1018,1.0712,1.0902,0.2278,1.5003,0.00056471
1.162,1.2071,0.70467,-0.39968,0.72874,0.03626
1.0746,1.0769,1.0982,0.24323,1.1393,0.0015657
0.98016,0.94294,1.2129,0.56154,1.5374,0.0045215
0.96116,0.78362,1.0187,0.025526,1.0155,0.00027467
1.0772,1.1966,1.1046,0.22763,1.0796,0.006296
0.92466,1.0885,1.0584,0.029091,0.92669,0.0013814
1.1669,0.97249,1.0896,0.16498,1.1458,0.0030006
1.1244,1.045,1.0699,0.19008,0.80407,0.0038569
1.078,1.4112,1.0746,0.21304,1.1665,0.0012145
1.0618,1.0695,1.0353,0.031933,0.98827,0.0011968
1.1554,1.131,1.0267,-0.022572,1.3466,0.005569
1.1349,0.48245,1.0277,-0.067198,0.90275,0.12743
1.1767,0.43233,1.0192,0.083276,1.0802,0.00070573
1.1402,1.326,1.0419,0.064096,1.1312,0.0031974
1.0758,0.94468,1.075,0.21439,0.97097,0.023217
0.8138,1.2413,0.89134,-0.37633,0.78801,0.011448
0.98183,0.97824,1.0588,0.078388,0.95888,0.0074378
0.97646,1.1474,1.0343,0.087908,0.88822,0.0017289
1.1256,1.0261,0.63613,-0.61475,0.59381,0.019876
1.2144,1.2612,1.0203,0.018088,0.97576,0.0064383
1.001,1.3776,1.1418,0.27829,1.268,0.010905
0.87423,1.1844,1.0796,-0.023605,1.1161,0.011622
0.99041,1.0501,1.1127,0.27088,1.2709,0.0074765
1.0892,0.82856,1.0743,0.2456,1.1241,0.016725
1.1204,0.99574,1.0691,0.18552,1.0669,0.0021709
0.84839,1.2561,1.0868,0.20213,1.037,0.021076
0.39745,1.2302,0.55303,-0.54377,0.49805,0.0045996
1.1621,0.90838,1.0241,0.0037417,1.1165,0.0063067
1.0795,0.83813,0.45198,-0.7917,0.42972,0.0041905
1.1801,1.0769,0.99001,-0.12593,0.96931,0.0047457
1.1125,0.78347,1.0394,0.2073,0.85938,0.0071414
1.1742,0.63003,1.0845,0.22873,1.2644,0.0020329
1.1416,0.96518,1.04,0.10923,0.93402,0.0099935
1.0243,0.99488,1.104,0.24368,1.0729,0.0037643
1.1175,1.0099,1.0672,0.18036,1.235,0.0057107
1.0014,1.4198,1.0448,0.12257,1.1748,0.00083374
0.93346,0.81728,0.99482,0.16112,0.96808,0.0014532
0.80992,1.3663,0.96549,-0.042744,0.91647,0.00080022
1.1207,1.1856,1.092,0.085243,1.1681,0.00023186
0.88084,1.1595,1.0538,0.16999,1.1816,0.0031346
1.1862,1.2133,1.0501,-0.021973,1.2125,0.012524
1.1497,0.84126,1.0283,0.074226,0.88356,0.015215
1.0149,1.3763,1.042,0.072328,0.90679,0.0095673
1.0646,1.1474,1.0303,0.0015593,1.0643,0.017535
1.154,1.1547,1.0414,0.10129,1.074,0.0017125
0.90197,0.95568,1.0423,0.15054,1.0062,0.0031966
1.1559,1.0121,1.036,-0.029962,0.9179,0.0063177
0.93162,1.0538,1.0956,0.32863,1.3761,0.0011892
1.0028,1.3536,1.0389,0.12278,0.92236,0.0045013
1.1629,1.046,1.0256,-0.034885,1.0488,0.018422
0.97806,0.67804,1.0632,0.24938,1.0832,0.0031529
1.1426,0.9412,0.86729,-0.43839,0.8271,0.003613
1.1187,1.0778,1.0194,0.092057,1.0903,0.0040721
1.0077,0.97834,1.162,0.45743,1.3413,0.0040407
0.60168,0.73483,0.91905,-0.2339,0.83476,0.013322
0.94997,1.1161,1.0689,0.22948,0.94438,0.0028848
1.1358,0.55142,1.042,0.10282,1.0752,0.0011377
1.1188,1.1784,1.1573,0.27514,0.92587,0.0042889
1.1795,1.0293,1.0621,0.08968,1.2632,0.0052909
1.0287,1.2654,1.1808,0.43891,1.1642,0.0062782
1.0212,1.1171,1.1469,0.33055,0.95692,0.0035405
1.1925,1.3765,0.96459,-0.070446,1.049,0.011014
1.1189,1.1026,1.1501,0.5073,1.428,0.001431
1.1258,0.89023,1.0474,0.15843,0.82779,0.0023077
0.9828,0.90268,1.0616,0.087192,1.1016,0.0039868
1.1636,0.86041,1.0508,-0.10418,0.96223,0.019501
0.39671,0.97162,0.61729,-0.54629,0.46801,0.024398
0.72828,0.8977,1.0132,-0.03129,0.83552,0.0071932
1.1729,0.51899,1.0228,-0.0047959,0.97904,0.023628
0.86481,1.3172,1.0673,0.12932,0.97443,0.0131
1.0252,0.75361,1.114,0.3067,0.95701,0.0054743
1.0341,1.3204,1.0099,0.0023741,0.84632,0.0011843
1.0189,1.287,1.0215,0.023948,1.1135,0.0016793
0.69678,1.008,1.0406,0.064808,0.96567,0.00031188
1.1339,1.3311,1.1058,0.25477,1.3369,0.027134
0.78395,1.2973,0.99386,-0.17675,0.91547,0.008221
1.1671,1.0414,1.0842,0.025883,1.0309,0.0026943
1.178,1.0935,0.9961,0.037832,1.0217,0.010988
0.59702,0.9452,0.64359,-0.59338,0.59056,0.045618
1.05,1.2541,1.0053,-0.004522,0.86927,0.0060018
1.0922,0.9937,1.026,-0.033157,1.0287,0.0091524
0.875,0.43091,0.96934,-0.20695,0.86091,0.00087646
0.99549,0.9729,1.0132,-0.083626,0.96287,0.0020332
1.0902,0.87251,1.0479,0.039928,1.0964,0.0069234
0.96525,1.057,1.0048,0.018733,1.0751,0.010141
0.84747,1.2054,0.9348,-0.10942,0.82893,0.0060095
0.79169,1.2465,0.8821,-0.32723,0.7911,0.0083535
0.98074,0.7405,1.1329,0.32867,1.2976,0.0029053
1.1981,0.94982,1.0634,0.12894,1.3059,0.0068216
0.63621,0.82773,0.92562,-0.26277,1.04,0.0056338
0.90568,1.2378,1.0414,0.1691,0.98283,0.0081529
1.1912,1.174,0.78233,-0.50111,0.73456,0.0096197
1.017,0.89092,1.0464,0.097387,1.0573,0.0082386
1.1436,1.2302,1.122,0.32216,1.2652,0.0027802
0.59557,0.77813,0.81177,-0.38714,0.64483,0.015721
1.0963,1.1011,1.1549,0.49639,1.2807,0.0013237
1.0233,1.2042,1.1124,0.33283,1.2966,0.0078837
0.9232,0.86015,0.99706,-0.099916,0.90279,0.0015502
0.69125,1.1604,0.75803,-0.48223,0.58152,0.011633
1.1368,0.67367,1.064,0.22527,1.2232,0.0012501
1.1219,0.64531,1.1353,0.40363,1.307,0.0099828
1.1204,0.49473,1.067,0.11788,1.2861,0.036409
1.1255,1.3702,1.0279,0.084434,0.85353,0.0073471
0.99128,1.4187,0.99096,-0.056808,1.0618,0.010098
1.2468,1.0511,0.9612,-0.066367,0.93944,0.00098138
1.187,1.22,0.98181,-0.13987,1.0126,0.0023062
0.95278,0.89151,0.97496,-0.067572,0.86328,0.015878
1.1186,1.2035,1.0569,0.048436,1.0194,0.00082442
0.75425,0.80328,0.94725,-0.3233,0.90986,0.0045484
0.96655,0.7617,1.0093,-0.013624,1.1229,0.026838
1.1884,0.77311,1.0638,0.123,1.0579,0.013817
1.2163,1.2274,0.74404,-0.535,0.63446,0.0050788
1.1991,1.1883,1.0298,-0.12346,1.0355,0.042491
1.1879,1.1569,1.0094,0.10173,0.86466,0.0021625
1.1376,0.79046,1.0022,0.0010477,0.98238,0.012915
1.2323,1.005,0.9677,-0.085468,1.0438,0.0060229
0.71017,1.0706,0.89727,-0.26003,0.68685,0.00038896
1.1892,0.87139,1.0009,-0.066568,1.0833,0.0041322
1.0348,0.8013,1.0733,0.082631,0.95821,0.018907
1.2125,0.80772,0.90845,-0.27609,0.84564,0.0088653
1.0507,1.309,1.1176,0.14464,1.1781,0.0050417
0.88646,1.183,1.0452,0.049392,1.1672,0.020655
1.0666,0.84331,1.1354,0.32565,1.3199,0.046281
1.0302,1.4754,1.1203,0.20161,1.2441,0.00098571
1.1144,1.3087,1.1639,0.41343,1.2213,0.0079442
1.1259,1.1346,1.0532,0.079097,1.1246,0.010394
1.1148,0.86958,1.1211,0.33654,1.0734,0.006714
1.0593,1.2854,1.2179,0.43915,1.4506,0.0025993
1.0318,0.93318,1.0603,-0.02784,1.2504,0.020396
0.83652,1.3274,0.87727,-0.2983,0.89965,0.0039472
1.1344,0.4654,1.0441,0.25534,1.028,0.0018916
1.0761,0.55291,1.1321,0.35794,1.2546,0.010029
1.1271,0.88391,1.0533,0.15556,1.0726,0.0057901
1.1361,1.3233,1.0744,0.18964,1.1527,0.016585
1.182,1.2233,1.0603,0.15503,1.1076,0.0040004
1.177,1.108,1.0272,0.022073,1.0542,0.00468
0.51159,0.85835,0.47022,-0.64785,0.40632,0.036419
1.2668,1.2388,0.93181,-0.24022,1.018,0.011882
0.79529,1.0971,1.063,0.12722,1.2895,0.0051488
0.75424,1.2154,0.95523,-0.25219,0.96696,0.0018236
0.65671,0.75874,0.88372,-0.26908,0.90299,0.0023699
1.0012,1.1149,1.0454,0.030028,1.2172,0.0031222
1.1532,1.2705,1.0837,0.19316,1.1645,0.0094321
1.1497,1.0777,0.49863,-0.62299,0.37213,0.0044762
0.95461,0.8296,0.97353,-0.06271,1.101,0.0019024
1.0221,1.2351,1.1368,0.30787,1.3208,0.0049615
1.1903,0.93307,0.84315,-0.31866,0.63418,0.0023887
0.98767,0.99819,0.96456,-0.2664,0.96963,0.0053646
0.98645,1.1166,1.133,0.4144,1.0011,0.0022323
1.163,0.92522,1.0438,0.010902,1.0804,0.052478
0.66576,1.1257,0.96584,-0.090383,1.0382,0.00029277
0.92479,1.0902,0.98197,-0.11199,0.93723,0.0071128
1.08,0.92459,1.0241,-0.026738,1.071,0.0066996
1.126,1.1073,1.0843,0.33207,1.0567,0.0055784
1.0464,0.46529,1.0534,0.038148,1.1382,0.0039202
1.187,0.55126,0.99253,-0.13223,1.125,0.013788
1.1651,0.66974,1.0051,0.102,1.1212,0.0080305
1.0893,0.88262,1.0798,0.048688,0.96828,0.0033953
1.0274,1.039,1.0622,0.13962,1.1519,0.0046328
0.74956,1.0811,0.86984,-0.28006,0.72153,0.0042732
0.89984,0.5325,1.0623,0.021448,1.1259,0.0022688
0.61192,1.4088,0.80764,-0.23768,0.74608,0.0049227
1.0472,1.3406,1.0371,0.014103,0.84409,0.0012694
1.0817,0.77851,1.0702,0.21064,0.94871,0.0011292
1.0126,1.2173,1.1015,0.19313,1.3603,0.0024664
0.94775,0.73885,0.95509,-0.11497,0.83782,0.00077016
1.1236,0.92491,1.0682,0.20707,1.177,0.0045693
1.1738,0.79675,1.0031,0.027198,1.1404,0.0035104
1.1174,0.86092,1.0399,0.024114,1.0123,0.0069065
1.1015,1.1415,0.99986,-0.0068177,0.8026,0.0016124
0.9678,0.89489,1.0826,0.29309,0.95,0.0047461
0.85197,1.0329,1.0665,0.21687,1.1257,0.0042648
1.1728,0.85608,0.9758,-0.17496,1.1075,0.010366
1.2049,1.1249,1.0339,0.066676,0.9381,0.018479
0.97199,1.0984,1.1013,0.14078,0.86668,0.00056521
1.1287,0.14505,1.0443,0.12889,1.2474,0.0083752
0.71421,0.97672,0.94792,-0.03324,0.84597,0.091023
1.1373,0.85734,1.0502,-0.085659,1.0501,0.024136
0.87559,1.0445,0.89715,-0.24531,0.88512,0.055722
1.0906,0.93951,1.0576,0.22647,1.2063,0.014815
1.1583,0.96478,1.0111,0.020132,0.98122,0.072118
0.95537,1.0823,0.99589,-0.060317,1.0041,0.0091364
1.1417,0.99305,1.0723,0.1646,0.99902,0.0061974
0.6745,1.0961,1.0991,0.08237,1.1004,0.0091902
0.75913,0.9197,0.88111,-0.39614,0.87604,0.00053385
1.1856,0.54682,0.85581,-0.32648,0.71085,0.00059625
1.0638,0.53088,0.98544,-0.049899,1.1496,0.001207
0.90486,1.3813,1.1011,0.28136,1.141,0.0016452
0.94225,1.2498,0.96433,0.014541,0.85478,0.013069
1.1768,1.3291,0.96375,-0.21455,1.0025,0.062204
1.0307,0.93795,0.97892,-0.14244,1.1025,0.04525
1.0914,1.3054,1.089,0.25605,0.99713,0.018802
0.89442,1.1092,1.0555,0.15459,1.2728,0.0014447
0.67649,0.98852,0.77098,-0.44658,0.63953,0.0094748
1.1228,1.1273,1.051,0.073255,0.82428,0.0041298
1.0896,1.0845,1.1173,0.33588,1.1088,0.0021987
1.2008,0.8949,1.0815,0.25301,0.92199,0.0086369
0.91628,0.59022,1.1085,0.23038,1.0868,0.0011862
1.1589,0.8487,1.0774,0.25541,0.9855,0.0076913
1.2222,0.86211,1.0319,0.063769,0.88499,0.013544
0.49843,0.70757,0.76288,-0.38494,0.66105,0.015093
1.128,0.97649,1.0478,0.025354,0.96341,0.010438
1.1542,0.77797,1.0464,0.025753,1.0671,0.0073857
0.82542,0.75728,0.95335,-0.15861,1.001,0.0047685
1.0608,1.2381,1.1415,0.34717,1.111,0.020948
1.1981,0.99478,0.99618,0.10468,1.1517,0.0014604
0.99543,0.90752,1.0836,0.23919,0.86501,0.0081657
0.85448,0.68759,1.0709,0.075234,1.122,0.0022044
0.89825,0.61847,1.1038,0.25809,1.0463,0.00074861
0.86434,1.3496,1.1591,0.54196,1.3176,0.015399
1.1808,0.99077,1.0046,0.10096,1.1133,0.0045601
1.1755,1.1531,0.91638,-0.28057,0.89892,0.011259
0.46721,1.0362,0.79224,-0.47022,0.64266,0.0013709
0.84288,1.2576,1.0448,0.23085,1.0761,0.00078059
1.1084,1.0424,1.0656,0.025786,1.3585,0.035862
1.1238,0.80112,1.0309,0.086215,0.97209,0.01008
1.1285,1.1243,0.46401,-0.61636,0.44999,0.004315
0.68968,1.112,0.85608,-0.4365,0.69872,0.0013233
0.86661,0.87678,0.94582,-0.082152,0.80812,0.010381
1.1679,1.0063,1.0844,0.17757,0.92594,0.003094
0.89421,1.0588,1.0193,0.062427,0.99396,0.010298
1.2506,0.92237,0.9372,-0.1403,0.68408,0.0017991
1.0467,0.91688,1.1252,0.36938,1.5688,0.0077033
1.1662,0.98792,1.0419,0.1459,1.1096,0.0042616
0.97294,1.1932,1.1054,0.14858,1.0508,0.014998
0.79542,1.1205,0.84725,-0.44175,0.99552,0.0058263
0.90522,1.0716,0.97975,0.081239,0.94205,0.0029302
1.0441,0.8707,1.1009,0.31904,1.2242,0.0016023
1.138,0.51686,1.0231,0.0020364,1.0019,0.017576
0.88991,0.86485,0.93718,-0.094684,0.86807,0.011605
1.015,0.87844,1.0378,0.073794,1.0254,0.00093548
1.0632,1.3374,1.1392,0.43617,1.1839,0.01215
1.0345,0.6495,1.0748,0.0051386,1.1264,0.025459
0.78623,0.76802,0.93781,-0.19486,0.81913,0.010196
0.95411,0.89627,1.1138,0.28755,1.0306,0.0032004
1.0485,1.1403,1.0222,-0.033059,1.0161,0.0028524
1.0332,0.86827,1.0235,-0.069236,1.1121,0.0025173
1.1042,1.0268,1.0965,0.21376,1.3038,0.0024501
0.89243,0.79159,0.93805,-0.17871,1.004,0.013429
1.1801,0.79671,1.0353,-0.017988,0.7949,0.024144
0.86117,1.1363,1.0814,0.037727,1.2992,0.004772
0.71996,0.55043,0.91143,-0.16319,0.8484,0.0026357
1.0133,1.2807,1.0489,0.047709,0.97141,0.010493
0.67554,0.84067,0.90754,-0.2326,0.91442,0.1209
1.0459,0.8976,1.0784,0.12975,1.1311,0.0059981
1.0693,0.85115,1.0585,0.03271,1.0421,0.015984
0.90861,1.309,0.96363,-0.13495,1.0535,0.004607
1.0873,0.49468,1.0681,0.20911,0.93011,0.0019844
1.1441,1.356,0.98415,-0.12668,0.99154,0.00098598
1.163,0.67038,1.0191,-0.10809,1.0561,0.0018875
0.90271,1.0614,1.1348,0.23219,1.2734,0.026056
1.0025,0.93122,1.0817,0.28973,1.042,0.0033782
1.1006,1.0265,1.0737,0.2563,1.1866,0.0087165
0.64333,0.46302,0.91526,-0.17927,0.73022,0.0010449
1.1688,0.88338,1.0243,0.045914,0.97891,0.017774
1.157,0.64246,0.93972,-0.16683,0.99098,0.0010057
1.0982,1.0891,1.0898,0.057162,0.95641,0.0032264
0.93611,0.9555,1.0209,0.026187,1.0311,0.0043149
1.0155,1.2546,1.0612,0.053252,0.94218,0.0015247
0.95301,0.89891,1.118,0.30167,0.82624,0.0071197
0.66409,0.97522,0.90549,-0.19496,0.76718,0.0064759
0.98913,1.0211,1.0589,0.15469,0.95073,0.017608
1.1957,1.0305,0.95962,-0.15164,0.95348,0.0055429
0.60143,1.1983,0.88297,-0.32408,0.77903,0.02728
1.0986,1.1055,1.0534,0.19082,1.023,0.0047112
1.085,1.3346,1.0812,0.06794,1.0661,0.0082264
1.1683,0.62388,1.0566,0.079582,1.0719,0.0004751
0.75586,1.0865,0.88053,-0.4465,0.91336,0.0061985
1.1928,0.80309,1.0059,-0.034701,0.90662,0.0016374
1.1961,1.1451,0.87535,-0.3026,0.87017,0.0063403
0.99268,0.71169,1.0669,0.11345,1.2086,0.0038524
1.1244,1.0634,1.1051,0.13705,1.1653,0.0067193
0.82228,0.82214,0.94222,-0.13016,0.86653,0.0040425
1.1851,1.2947,1.0354,0.057329,1.096,0.0026589
1.0392,1.2926,1.1613,0.40851,1.2801,0.028886
1.1165,0.89283,1.0625,0.22066,1.1263,0.0045058
1.0278,1.1041,1.0078,-0.030983,1.0349,0.0023861
1.0445,0.81419,1.0203,0.034454,0.81674,0.00068909
1.1559,0.97607,1.0596,0.079609,1.2035,0.10546
1.1764,0.93433,0.84871,-0.417,0.79213,0.00076486
1.2342,1.1641,1.0059,0.052109,0.96421,0.0031278
0.93892,1.1579,1.0429,0.10613,1.1044,0.0024162
1.0308,1.0533,1.1878,0.44277,1.2152,0.010104
1.2103,1.2632,1.0526,0.079225,0.96946,0.013182
1.1563,1.1628,1.03,0.027182,0.97609,0.0017748
1.1918,0.8138,0.95043,-0.21283,0.75492,0.0081664
1.0446,0.93792,1.0523,0.2724,0.945,0.0017331
0.78145,1.2266,0.95939,-0.16188,1.0061,0.02385
1.1281,1.3736,1.1198,0.31205,1.4361,0.0040731
1.1464,0.72371,0.96035,-0.17124,0.84491,0.020497
1.1587,0.86117,1.0549,0.099813,0.84895,0.0036294
0.97983,0.99754,1.0754,0.23172,1.2633,0.0042052
0.57057,1.0461,0.99828,0.0078188,1.1097,0.0033988
0.5324,1.2809,0.85662,-0.42309,0.88804,0.0074676
1.1183,1.1542,1.0676,0.19008,1.0485,0.002625
1.2322,0.71108,0.89366,-0.20051,0.81418,0.0028703
0.72374,0.68462,1.0026,-0.1374,0.86431,0.0031151
1.081,1.1921,1.0702,0.16287,0.96465,0.010758
0.95945,0.99401,1.0159,-0.013089,0.92098,0.0016895
0.7424,1.1131,1.0423,0.073808,0.91449,0.0041326
1.1773,1.1356,1.0137,-0.019639,1.08,0.0032531
1.1324,1.1485,1.0453,0.064238,0.9867,0.0019382
0.97549,0.7615,1.0973,0.18901,1.1093,0.0061662
0.94681,0.99474,1.0147,-0.033026,0.9805,0.032626
1.0442,1.2861,1.1159,0.22244,1.0396,0.0087522
0.9624,1.2703,1.0646,0.12114,1.1001,0.0051689
0.49922,0.77353,0.82197,-0.5416,0.85727,0.0013084
0.99713,1.3936,1.0955,0.1997,1.289,0.0026713
1.1362,1.2619,1.0238,-0.06899,0.94908,0.035786
1.0396,0.66926,1.0835,0.19906,1.2274,0.0015143
0.92756,1.2807,1.0696,0.12232,1.1382,0.074548
1.2034,1.1252,0.9018,-0.33652,0.90608,0.0032803
1.0161,0.56859,1.0553,0.081732,1.0636,0.006511
1.091,0.95271,1.0609,0.047712,1.0782,0.0027518
1.0495,0.78415,1.103,0.24079,0.97329,0.0030532
0.4175,0.43962,0.72131,-0.50292,0.68035,0.011062
0.93564,1.3639,1.1487,0.42034,1.185,0.00089275
1.1593,0.92757,0.63537,-0.5626,0.55622,0.0019249
1.0922,0.69466,1.1033,0.35086,1.1848,0.0035026
0.84162,0.92936,1.0239,0.014187,0.98626,0.0095892
0.96207,1.3117,1.0195,0.079647,0.84386,0.024728
0.80181,1.3378,0.87955,-0.23197,0.77232,0.012469
1.1441,1.0004,1.0592,0.034116,1.0289,0.0048793
1.1977,0.927,1.0623,0.096459,1.0361,0.0051963
1.1787,1.0575,0.94653,-0.30376,0.80284,0.0026004
0.6847,1.4022,0.87968,-0.37887,0.85803,0.012104
1.1619,1.2317,0.86846,-0.43546,0.77183,0.0019559
1.1064,1.0953,1.0564,-0.018854,0.9033,0.0017446
1.0448,0.73711,1.1573,0.36761,1.4172,0.0070815
1.0864,0.66863,1.0598,0.11901,0.93139,0.0022842
1.1686,0.871,1.0423,0.045943,1.1754,0.0086184
0.68724,1.1206,0.99406,-0.13129,0.94007,0.0081845
1.1507,0.73856,1.0322,-0.018011,1.2128,0.0042122
0.9954,1.0826,1.0012,-0.13195,0.96405,0.0044808
0.79402,1.3436,0.98206,-0.10554,1.1267,0.0065455
0.9677,1.1804,0.43523,-0.67089,0.35199,0.014385
0.53753,0.80097,0.68286,-0.44741,0.61142,0.0056556
1.2492,0.90142,0.6994,-0.44735,0.6718,0.0017871
1.0416,0.8075,1.0767,0.11235,1.0847,0.0077505
0.79224,0.9062,0.83331,-0.45651,0.85233,0.0032372
0.79288,0.84409,0.81282,-0.42605,0.71285,0.0026429
0.95274,1.0742,1.1135,0.40619,1.2232,0.0079991
0.97405,1.2324,1.03,0.15998,1.0753,0.0068595
1.1126,0.96878,1.0657,0.20476,0.98303,0.012763
0.84546,0.98244,1.0733,0.18731,0.8549,0.0068596
1.1131,1.1278,1.0447,0.1635,0.92744,0.0047335
1.1935,0.79622,0.93593,-0.14797,1.071,0.0024506
0.83666,0.84592,1.0518,0.11135,1.2213,0.017916
1.1707,1.0748,1.0128,-0.11081,1.1607,0.0011621
0.37611,0.74523,0.5102,-0.53748,0.42962,0.016872
0.93767,1.3494,1.0197,0.03247,0.95905,0.026523
0.76779,0.88741,1.0069,-0.00098125,0.88749,0.0017475
0.87982,0.62209,0.99895,-0.14308,0.76914,0.0074211
1.1383,1.3073,1.0259,0.10381,0.95376,0.0013594
1.0639,0.70095,1.1496,0.46561,1.1437,0.00064954
1.2028,0.87135,0.87793,-0.25513,0.85375,0.021313
1.1954,0.33272,1.0104,0.0054579,1.1261,0.0098379
0.99243,0.78563,1.0531,0.048978,1.1416,0.0049271
0.78546,1.3758,0.72153,-0.31541,0.68286,0.0034566
1.2533,0.59575,1.0096,-0.14027,0.90876,0.022541
1.1385,1.1076,1.1033,0.29753,0.9509,0.0062757
0.91791,0.99817,0.98422,-0.13742,0.88841,0.0024902
1.1758,0.9215,1.0444,0.0040298,0.97432,0.0064544
1.0112,1.2469,1.1165,0.2451,0.96403,0.02552
1.0944,0.86955,1.0908,0.09393,1.3465,0.0040831
1.1351,0.79275,1.0519,0.18967,1.0484,0.061755
0.76017,0.8198,1.007,-0.079995,1.0134,0.0032625
1.1654,0.72662,1.0496,0.058438,1.05,0.0044444
1.1642,1.198,0.99529,-0.14442,0.95987,0.0092085
0.6761,0.90993,0.71263,-0.54381,0.6567,0.0053617
1.0746,1.237,1.0717,0.17067,1.3343,0.0016636
1.0613,1.0431,1.0744,0.1673,0.86091,0.025669
0.94546,0.97488,1.1837,0.47036,1.0292,0.0054849
1.1129,1.0099,1.0795,0.17865,1.2056,0.0027086
1.171,0.60912,0.98864,-0.0064877,0.85005,0.00071471
1.1695,0.78949,1.0257,-0.0081999,1.0235,0.0028095
0.99197,0.3792,1.0721,0.096046,1.0991,0.0037794
1.1374,1.1757,1.0226,0.121,0.91487,0.017826
0.8395,1.0493,0.91482,-0.206,0.90367,0.0036896
1.1633,0.7852,0.99486,-0.058432,0.89481,0.0134
0.99316,1.4366,1.1445,0.40271,1.2899,0.0011577
1.125,0.78886,1.1028,0.32812,1.1394,0.0066233
0.91088,0.5308,1.0062,-0.058074,0.97152,0.014749
0.68531,1.0547,0.81726,-0.36534,0.66569,0.0060716
0.95302,0.96424,1.1401,0.38314,1.2866,0.0015255
0.86186,0.81117,0.95898,-0.14686,0.82735,0.0025225
1.1434,1.1045,1.0462,0.024365,0.98131,0.0034132
0.58404,0.80632,0.9291,-0.12987,0.73536,0.0043132
1.1287,1.2288,1.1014,0.15153,1.2902,0.02312
1.1309,0.94823,1.064,0.23741,1.0116,0.00057294
1.0276,1.1048,1.0079,0.090631,1.0278,0.003937
1.01,0.87242,0.93679,-0.24541,0.9192,0.012258
0.67112,1.2298,1.0244,0.031069,1.1601,0.005476
1.0371,1.3892,0.97691,-0.070929,0.95887,0.0017652
1.0305,1.0767,1.0012,-0.10671,0.77306,0.0029856
1.0413,0.82438,1.0889,0.24301,1.3416,0.0090223
1.1394,1.2565,1.0743,0.15597,1.1058,0.0073001
1.1926,0.87968,0.94244,-0.1224,0.80762,0.00087106
0.83447,0.87943,0.77954,-0.40482,0.66075,0.011354
1.0939,0.88033,1.0711,-0.15133,1.2198,0.0090749
1.1496,1.1494,0.71921,-0.61916,0.73067,0.0074036
0.82337,0.70924,1.1463,0.4212,1.1786,0.018412
0.75268,1.14,1.0101,-0.0038743,0.95643,0.0057983
0.83288,1.2185,1.0978,0.30913,1.1276,0.034845
1.1143,1.0123,1.0684,0.072942,0.95451,0.028104
1.1695,0.99255,1.0201,-0.070238,0.9762,0.0021767
1.1081,0.89582,1.0375,0.067422,0.92358,0.022256
0.63478,0.65484,0.76042,-0.44123,0.69709,0.0032677
0.35538,1.2392,0.59395,-0.43507,0.49433,0.026571
1.2133,0.97981,1.049,0.059012,1.2131,0.011122
0.78446,1.118,0.80681,-0.38276,0.6368,0.0034352
1.0092,0.94201,1.0567,0.028361,0.89753,0.0040565
0.61103,0.96907,0.86521,-0.47692,0.64641,0.0016939
0.76608,1.1516,0.99412,-0.063341,1.0663,0.0026754
0.86125,1.0779,1.1269,0.22399,1.2376,0.00049873
1.0682,1.368,1.062,0.12407,0.97936,0.011719
1.0742,1.2157,1.1164,0.38016,0.97929,0.014117
0.58348,1.1303,0.76509,-0.57241,0.62442,0.0057693
0.52817,0.82062,0.60446,-0.63337,0.52243,0.0080805
1.0319,1.0057,1.012,-0.017337,1.0029,0.006252
0.99829,1.2981,1.1839,0.46511,1.1898,0.00034705
0.90274,0.85186,1.0932,0.26295,1.1142,0.0041432
0.83242,1.2915,0.91394,-0.24202,0.81769,0.0035429
0.95322,1.0116,1.0728,0.075535,1.1989,0.0048104
0.46511,1.1027,0.8763,-0.49816,0.77388,0.0029763
0.85969,1.0902,1.0102,-0.081853,0.99175,0.0055449
1.1368,0.93042,1.0624,0.083928,1.0343,0.0058585
1.0215,1.0734,1.1094,0.30589,0.97424,0.0048092
0.90152,0.92041,1.0246,0.06412,0.95096,0.00062067
1.1764,0.92077,0.85996,-0.38453,0.69469,0.013371
1.1486,0.61881,1.0902,0.32818,1.1661,0.085992
1.1003,0.89841,1.0229,0.039146,1.1026,0.0039419
1.024,0.96475,1.0674,0.045704,1.2134,0.0066386
0.95682,1.1325,1.0757,0.23053,1.1844,0.0095099
1.0753,0.79832,1.1275,0.3161,1.0874,0.0018228
1.112,1.1198,1.0741,0.21881,1.1059,0.015621
1.2248,0.96504,1.0661,0.16107,1.1293,0.0031608
1.2091,0.88846,0.88069,-0.28723,0.60712,0.0019802
1.1288,1.1366,1.0295,0.017034,0.82733,0.0010181
1.1623,1.0286,0.99281,-0.10523,1.0213,0.0029684
1.1519,0.7183,1.1057,0.23672,0.97181,0.013425
0.87627,0.83016,1.07,0.1209,1.1325,0.0019334
0.86219,0.59445,0.99797,-0.047492,1.1683,0.0056424
0.3832,1.0461,0.7418,-0.40588,0.56323,0.0094118
1.164,0.78648,1.057,0.078178,1.1045,0.010648
1.1271,0.84907,1.1607,0.44787,1.3055,0.0051938
0.89329,1.0803,0.98631,-0.0026227,1.147,0.0032061
1.0985,1.1614,1.0711,0.093232,1.1649,0.00641
1.132,0.64704,1.0068,-0.05901,0.82355,0.0036417
0.60349,1.287,0.75796,-0.46689,0.67622,0.0081953
0.72235,1.1838,0.8923,-0.263,0.92158,0.00047332
0.69299,1.1838,0.92695,-0.18671,0.85928,0.037398
0.98978,0.90691,1.1325,0.29489,1.2497,0.0088049
0.71785,0.87099,1.0083,-0.033024,1.0402,0.0020869
1.1715,0.91293,0.95418,-0.12968,0.86722,0.004926
0.9756,0.91276,1.1528,0.32926,1.3044,0.0020479
0.96331,0.96235,1.0834,0.19287,1.0873,0.0022941
1.0079,0.89515,1.0525,0.087469,1.0861,0.0088728
1.133,0.82804,1.0227,0.015469,0.91307,0.0033054
0.84119,1.1617,1.0083,0.040338,1.0802,0.011239
1.1294,0.85385,1.0345,0.12692,0.91902,0.020201
0.95327,1.0871,1.1251,0.21847,1.0169,0.0032945
0.9655,1.0807,1.0806,0.16882,1.0573,0.015132
1.1207,1.0261,1.1095,0.26718,1.4038,0.0075609
1.0414,1.2446,1.1185,0.26497,1.0998,0.0024391
1.1875,1.1544,0.88529,-0.18336,0.79325,0.0054235
1.1458,0.8153,1.0582,0.071725,1.2025,0.056164
1.0353,1.0667,1.0874,0.12444,1.0196,0.0012454
0.98379,1.1955,1.0378,-0.058753,1.2532,0.0072728
1.0688,1.0387,1.2105,0.38352,1.3393,0.0099724
0.79219,1.127,1.0228,0.12581,0.90477,0.030054
1.1473,0.80709,1.0465,0.25046,1.1528,0.0031837
1.0277,0.91654,1.1456,0.31429,1.4335,0.00064509
1.0925,0.7548,1.1123,0.25615,1.3811,0.0019573
1.1097,1.0197,1.0399,-0.026498,0.88843,0.0025873
1.1375,1.3032,1.0377,0.11808,1.0508,0.031586
1.1766,0.80897,1.0355,0.068442,0.93327,0.0017659
0.99086,0.85923,1.0668,0.21611,0.95743,0.034626
1.1153,1.1553,1.0285,-0.01325,1.103,0.0028416
1.1759,0.61239,1.0123,-0.0045389,0.95748,0.0062279
0.73334,0.90278,0.80909,-0.42782,0.72241,0.001446
1.0178,0.99916,1.1049,0.27253,1.1037,0.0083166
1.066,0.59939,1.0943,0.22693,1.0065,0.0025589
0.69494,0.95766,0.91363,-0.30626,0.80505,0.022937
1.0787,0.71138,1.0723,0.16709,1.3287,0.0013962
0.92586,0.87674,1.0365,0.12306,1.1345,0.0041338
0.89935,1.0573,1.0686,0.11145,1.1417,0.0014269
1.1267,0.72016,1.059,0.097663,1.0064,0.021011
0.70586,1.1541,0.88676,-0.20833,0.85148,0.0089598
0.91136,1.3886,1.1014,0.15289,1.1047,0.013828
1.0671,0.49346,1.0391,0.16788,1.1155,0.00083655
0.95689,0.9402,0.9022,-0.33092,0.94463,0.017007
1.2091,1.3336,0.70299,-0.5422,0.70828,0.034835
1.0165,0.84229,0.98945,-0.10809,0.86276,0.0047615
0.81238,1.066,0.83125,-0.37263,0.78871,0.0023956
1.1204,0.86072,1.0485,0.21681,1.0237,0.0008061
0.76272,1.0352,1.0677,0.071769,1.2239,0.054091
1.1714,0.85915,1.0176,-0.0011745,1.0812,0.003702
1.2174,1.1011,1.0583,0.15405,1.0662,0.033961
1.1612,1.0639,1.0506,0.13337,0.88022,0.0027239
0.59504,0.94303,1.1504,0.53215,1.2824,0.037505
1.0535,0.8162,1.08,0.26069,1.1784,0.060154
1.145,1.3295,1.0628,0.13761,1.0143,0.0032826
1.0169,0.97362,1.0805,0.12944,1.1012,0.0016036
1.1865,0.6115,0.88424,-0.36783,0.90393,0.0068131
1.1867,1.2079,0.86034,-0.29189,0.65133,0.01005
0.97884,0.83125,0.99913,-0.0010657,1.1238,0.00083328
1.072,0.7027,1.027,0.048832,1.1252,0.013147
1.1192,0.95711,1.0949,0.17701,0.94591,0.0048705
1.2042,1.3679,1.0769,0.11582,1.0601,0.0032311
1.0574,1.229,1.1152,0.30333,1.1322,0.0047608
0.94233,0.85291,0.91703,-0.33781,0.97559,0.020631
1.0843,1.0634,1.0592,0.10699,1.1792,0.0026031
1.056,1.132,1.1042,0.29441,1.0001,0.0021925
1.1652,0.60595,1.0227,0.12811,0.89736,0.0099004
0.9252,1.1573,0.94617,-0.12387,0.9881,0.0027826
0.85006,0.74802,0.98576,-0.066568,0.87344,0.0033549
1.0394,1.4061,1.0049,0.054607,0.839,0.00073753
0.83112,1.2261,1.041,0.052235,0.86463,0.00078933
1.1705,1.1569,1.1327,0.40062,1.0631,0.0007289
1.0925,0.3266,1.0941,0.34512,1.0299,0.035166
0.8801,0.89868,1.0333,0.018951,1.2487,0.0053737
1.1746,1.1405,1.0179,0.0017402,0.98072,0.0019965
1.0657,1.0962,1.1459,0.31519,1.0393,0.01824
1.1644,0.91134,0.7322,-0.50231,0.55116,0.0020796
0.71631,0.62045,0.82544,-0.22272,0.85872,0.001726
1.1313,0.92703,0.98461,-0.035976,1.093,0.0047436
0.82961,0.88673,1.0218,0.061025,1.0374,0.0045689
0.70079,0.98376,0.92768,-0.092787,0.91716,0.0064876
1.0935,0.568,1.0555,0.17109,0.99129,0.0039561
0.92226,1.0477,0.98266,-0.099311,1.1426,0.0011046
0.83877,1.2775,0.99559,-0.020324,1.0639,0.0043501
1.0207,0.43411,1.0805,0.22802,1.0162,0.010201
0.97485,0.62239,0.98466,-0.1153,0.8751,0.00059605
0.95688,1.2031,0.97543,-0.088687,0.96443,0.0037372
0.9064,1.1429,1.0436,0.032088,1.0164,0.0042553
1.2367,0.93847,0.77431,-0.38576,0.71791,0.00025516
0.90413,1.0982,1.1235,0.28556,1.1184,0.017308
1.1035,1.0402,1.0498,0.12761,1.3202,0.0023891
1.0473,0.80144,1.0727,0.032089,1.0686,0.0080838
1.1755,1.4049,0.78788,-0.4755,0.62029,0.0023328
1.0643,0.86022,1.1101,0.20908,1.0973,0.0052021
0.74732,1.1191,0.95216,-0.13822,1.1061,0.0090443
0.92988,0.97609,0.98895,-0.26342,0.95274,0.012621
1.0118,1.1356,1.1807,0.35035,1.425,0.0054575
0.80605,0.92223,1.012,0.056064,0.97261,0.0042889
1.1757,1.0498,0.90265,-0.40412,0.64024,0.00070594
1.1753,1.0091,0.9972,-0.015328,0.80567,0.0049316
1.2234,1.1515,0.96655,-0.26312,0.81931,0.0043271
0.68983,0.9016,1.0577,0.17627,1.0623,0.0096251
1.161,1.1735,1.0686,0.074942,1.2166,0.0058502
0.9833,1.2069,1.2187,0.57729,1.5121,0.003957
1.0792,1.2315,1.0773,0.1011,0.99228,0.0099326
1.1636,0.79026,1.0022,-0.052893,0.89098,0.01824
1.1232,1.028,1.0755,0.33622,1.0704,0.0015303
1.1322,1.3697,1.0673,0.007622,1.1102,0.02013
0.9461,1.1752,1.0607,0.024832,0.9933,0.0076499
1.0155,1.1714,1.0536,0.089381,1.2074,0.0082658
0.82086,1.2545,1.0298,0.022572,1.0475,0.00491
1.1279,1.0525,1.0592,-0.03774,1.105,0.0070742
1.2574,1.1191,0.8663,-0.25815,0.78329,0.0033731
1.1283,1.1859,1.0547,0.19463,1.023,0.0047396
1.0326,1.2562,1.0822,0.34431,1.0083,0.015093
1.1661,1.129,1.0522,0.055148,1.1741,0.013878
1.0968,1.0941,1.0428,0.019433,0.92915,0.002788
0.59396,0.93418,0.99924,-0.0528,0.91226,0.0027672
1.0524,1.1861,1.1284,0.22997,1.1195,0.0042094
1.2049,1.1767,1.0013,-0.031256,0.9244,0.0021004
1.2076,1.1109,0.9149,-0.25274,0.93883,0.0012941
1.0968,0.98649,1.0843,0.11457,1.3636,0.0030905
0.76437,1.2163,0.8837,-0.24326,0.75201,0.012179
0.83377,1.191,1.0452,0.15416,1.0503,0.002983
1.0047,0.9664,1.1315,0.47012,1.1991,0.0052447
1.1535,0.82679,0.99312,-0.069726,1.0205,0.0027753
0.83626,1.1902,1.0438,0.1124,1.2565,0.027443
0.87118,1.0146,1.0318,0.038075,0.9763,0.020838
1.218,0.58124,0.91848,-0.17559,1.0155,0.0059293
1.1608,0.82989,1.0256,0.11316,1.1704,0.0026189
0.28003,0.90159,0.23889,-0.66647,0.29173,0.21166
1.0056,1.1117,1.1167,0.12788,1.4271,0.0024895
0.89188,1.2045,1.0879,0.23018,1.2118,0.00080432
1.0665,1.0012,1.0927,0.082348,1.3262,0.0017175
1.1267,1.3781,1.0691,0.21814,1.0021,0.0015832
0.71649,1.0512,1.0569,0.20053,1.0289,0.0035531
0.99894,0.74896,1.1598,0.37187,1.1833,0.014898
0.43221,0.90143,0.86153,-0.44562,0.65581,0.0037121
1.0892,0.66695,1.0219,-0.081974,1.1335,0.0039002
0.56642,1.0423,0.72947,-0.52959,0.66409,0.0050286
1.0638,0.90303,0.98091,0.0349,1.011,0.0019015
1.2324,1.0283,0.60779,-0.54885,0.47893,0.0053932
1.147,1.0759,1.058,0.11067,0.87099,0.0018307
1.188,1.4234,0.98158,0.034693,0.99115,0.001992
0.94755,1.4195,1.0186,-0.031261,0.98785,0.0051809
0.95953,1.0229,1.0863,0.28998,1.1957,0.0036266
0.93551,1.215,1.0675,-0.0043042,1.1461,0.0013031
1.117,1.1941,1.0734,0.26635,1.0574,0.0010208
1.0185,0.62358,1.1052,0.36005,1.1665,0.0079004
0.78719,0.9916,0.93634,-0.053068,0.95288,0.001264
1.1618,1.1181,1.0188,-0.034797,0.9848,0.032567
1.1695,0.56946,1.0328,0.06327,0.92337,0.013501
0.81169,1.3128,0.94702,-0.19582,0.73066,0.0010996
1.0652,1.0749,1.1028,0.27937,1.1212,0.025419
1.1308,0.5087,1.0928,0.16425,0.92665,0.016268
1.0143,1.037,1.0227,-0.050693,0.89084,0.0018912
0.98665,1.2805,1.0816,0.26262,1.2731,0.00036231
1.1798,0.74531,1.0411,0.0746,1.0361,0.01258
1.1571,0.90565,0.97317,-0.10008,0.87833,0.023121
1.1453,1.1345,1.0384,0.082486,1.1036,0.0099923
0.52637,1.2053,0.74582,-0.52579,0.6757,0.046604
1.0332,0.6636,1.0439,0.075984,1.1777,0.01317
1.219,0.81876,0.97132,-0.13173,0.92092,0.0016474
1.2039,1.0757,1.0062,-0.028859,0.89009,0.0055184
1.182,0.86905,0.9953,-0.00071109,0.99013,0.00133
0.93572,0.85023,0.93521,-0.17364,0.83222,0.0012274
1.1746,1.1162,1.0044,0.0011905,0.9328,0.0023157
1.1884,1.1823,0.99355,-0.13051,0.74095,0.0039175
0.90881,1.3645,0.97186,-0.057565,0.85334,0.0087275
1.0297,1.2645,1.062,0.080964,1.1101,0.003624
0.82785,0.88404,0.99366,0.0050704,1.1377,0.0079188
1.201,1.0422,1.0589,0.13956,1.0931,0.045581
0.66223,0.8013,0.9324,-0.023151,0.83893,0.0025917
1.1395,0.96222,1.0129,-0.17871,1.249,0.0039885
1.0937,0.96533,1.1053,0.26552,1.0673,0.00081997
0.73474,0.68299,1.0311,0.11457,0.80043,0.013861
0.91432,1.2626,1.1544,0.24175,1.1867,0.035608
0.85273,1.1454,0.95634,0.059307,1.149,0.004255
1.1571,0.81034,1.033,-0.043707,1.0113,0.0025788
1.0814,1.2817,1.0411,0.028675,0.97563,0.001906
1.0846,1.1685,1.062,0.10384,1.1056,0.0026851
0.71494,1.0788,1.074,0.20928,1.123,0.017424
0.74895,1.1805,1.0397,0.135,1.1403,0.0060114
1.1893,0.93562,1.0706,0.25677,0.93051,0.0094326
0.67437,1.0147,0.78657,-0.4722,0.72755,0.0022579
1.2034,1.0636,0.95006,-0.092336,0.85535,0.0010847
0.84447,0.93127,0.91565,-0.3374,0.97569,0.018992
1.0241,1.2667,0.95358,-0.24178,0.79148,0.0084695
0.88464,1.2313,0.80141,-0.42534,0.68758,0.0065577
0.64802,1.0575,0.89344,-0.21799,0.85045,0.0031792
1.0165,1.2585,1.0984,0.26124,1.0696,0.010662
1.1693,1.3399,1.0798,0.14738,1.2341,0.01536
1.1588,1.2418,0.79694,-0.35687,0.75315,0.015437
1.1559,1.1316,0.83043,-0.26773,0.84797,0.0031305
1.0125,0.77394,1.058,0.20497,0.96998,0.01212
1.0346,0.99743,1.0158,-0.021814,0.7964,0.0014425
1.1355,0.64244,1.0687,0.23099,0.96385,0.0060976
1.1647,1.0605,1.0279,0.058022,1.1304,0.033471
1.1444,0.88771,1.104,0.28409,1.1369,0.0028554
0.87405,1.07,1.037,0.14093,1.0442,0.00045016
1.1094,1.0511,1.0181,0.078229,1.1652,0.01182
1.1811,1.2179,0.83041,-0.37578,0.8154,0.0184
0.97376,0.47855,1.168,0.48044,1.1408,0.0005032
0.99907,0.59402,1.1501,0.34266,1.2663,0.0058256
1.0919,0.50571,1.0352,0.04912,1.2934,0.0036007
1.1953,1.0048,0.8344,-0.34655,0.75386,0.014968
1.1726,1.2731,0.54131,-0.50459,0.47309,0.053769
1.1575,0.47756,1.0472,0.15321,0.76561,0.0066056
0.92232,0.78595,1.1441,0.27075,1.3875,0.038005
1.1579,0.8138,1.1088,0.24656,1.2606,0.0050269
0.75238,0.84422,0.90397,-0.16014,0.70743,0.0087696
1.0132,0.83405,1.113,0.35638,1.224,0.013834
0.99968,1.1829,1.0447,0.030596,1.3069,0.0044422
0.91621,1.1161,1.122,0.3292,1.4586,0.023032
1.1269,1.0798,1.0071,0.016676,0.80163,0.015595
0.60376,1.3246,0.7655,-0.40154,0.58821,0.010288
1.0655,1.0605,1.1101,0.25129,1.1014,0.0062358
0.98212,1.2128,1.1127,0.20173,1.4799,0.0038885
0.90563,0.9273,0.99181,-0.010929,1.0221,0.0003859
1.0887,0.82922,1.1527,0.3666,1.1911,0.0024562
1.0414,1.2981,1.007,-0.0017929,1.0458,0.010057
0.95905,1.0944,1.085,0.30182,1.1009,0.0032796
1.1679,0.86176,1.0238,0.14797,0.90787,0.0039819
1.14,0.89337,1.0944,0.09765,1.0456,0.0010537
1.0543,1.0474,1.1009,0.28842,1.0774,0.0038889
0.73448,0.85348,0.88989,-0.2279,0.89023,0.0018647
1.1975,1.1329,1.008,-0.063757,1.024,0.026522
1.153,0.5676,1.123,0.21722,1.2907,0.0015288
1.1659,0.5997,1.0005,-0.030837,1.1878,0.0065446
1.2185,0.91938,0.92433,-0.2272,0.81238,0.0050244
1.2389,1.0982,0.88552,-0.25118,0.83247,0.0010602
0.96376,0.95367,1.0228,-0.031914,0.94725,0.0093269
0.94016,1.3114,1.0509,0.15149,1.2859,0.00050443
0.84494,0.85726,1.0301,-0.01038,1.0873,0.0066336
0.99374,1.0784,1.0591,0.18422,0.94949,0.056587
0.82662,1.1287,0.98529,-0.068736,1.1031,0.0020028
1.0529,1.0447,1.0417,0.1086,0.99841,0.0048732
1.1492,1.1789,1.0893,0.11957,0.96961,0.00044279
1.0953,0.70574,1.0252,-0.072047,0.93763,0.0026126
1.1207,1.2995,1.0676,0.24215,1.1504,0.0052845
0.75661,0.9157,0.86766,-0.33986,0.83253,0.013178
1.1542,0.93103,1.0326,-0.018124,1.1759,0.0028605
1.127,0.88598,1.0328,0.092469,0.98892,0.021388
1.0918,1.092,1.0664,0.20479,1.0061,0.00078864
0.95922,1.1318,1.1091,0.10651,1.1795,0.00049393
0.33702,1.2143,0.82368,-0.29942,0.84554,0.014126
1.1965,0.84556,1.0001,0.099506,1.0059,0.0022941
0.95456,1.3761,1.1314,0.14456,1.24,0.0029678
0.3287,0.85569,0.072667,-0.80614,0.25389,0.010678
0.28337,0.8278,0.26182,-0.5079,0.29618,0.0012498
0.66724,0.34234,0.82949,-0.27017,0.79661,0.0076474
1.2304,1.1402,0.8744,-0.18575,0.97793,0.0046637
1.1422,1.027,1.0223,-0.046027,0.93072,0.022112
0.92528,1.0789,1.0492,0.040864,1.0114,0.0088455
0.98118,1.0787,0.98905,-0.034243,0.80691,0.0049779
0.70565,1.1507,0.99422,-0.067378,1.077,0.0016186
1.187,0.79872,0.91351,-0.29105,0.86431,0.0034919
0.94952,0.9246,1.0266,0.024079,0.93122,0.013562
1.1082,0.48307,1.0824,0.1486,0.99777,0.013278
1.1572,1.0545,1.0464,0.10166,1.1794,0.0073215
1.1838,0.91959,0.62807,-0.46869,0.58712,0.0088315
1.2249,1.267,0.87528,-0.44885,0.86839,0.0013459
1.17,1.0385,1.0102,0.033165,0.84993,0.00085271
1.1261,1.077,1.0908,0.19044,1.2923,0.017403
1.1898,0.72957,0.97939,-0.091582,0.91918,0.0038201
0.8053,1.0042,0.96991,-0.011012,1.1502,0.0045637
1.153,1.2532,1.0693,0.11313,1.092,0.0036689
1.1835,1.2946,0.99138,-0.075212,1.0893,0.010909
0.95828,1.0752,1.0302,0.1242,1.0406,0.0029881
1.2326,1.1704,0.96412,-0.075133,0.89179,0.0002754
0.99654,1.0324,1.0249,0.053859,0.99509,0.016564
0.99374,1.2762,1.1845,0.37816,1.2781,0.0076644
1.1091,0.84517,1.1117,0.21839,1.067,0.0032129
0.92351,0.7153,1.1439,0.39094,1.0775,0.0012093
0.97044,0.95432,1.0849,0.016463,0.8289,0.00017831
1.0906,0.83606,1.0774,0.30689,1.1512,0.0083783
1.0635,1.1429,1.0553,0.072163,1.3328,0.010871
0.3754,1.0988,0.4252,-0.51028,0.37942,0.038882
0.76351,1.0135,1.0331,0.05079,1.2591,0.0093609
1.012,0.45383,1.1316,0.25914,1.0331,0.00069624
1.1144,0.62343,1.0515,0.07518,1.0443,0.0070347
1.2027,1.3161,0.95851,-0.12188,0.78454,0.0047033
1.1633,1.2846,0.76265,-0.43289,0.78099,0.0027521
0.65985,1.35,0.94334,-0.062732,0.83485,0.0036121
1.1469,0.86164,1.0482,0.023447,1.1738,0.0039929
0.83494,1.0949,0.86825,-0.25558,0.81472,0.00078032
1.0375,1.3217,1.064,0.09463,1.0083,0.0040621
1.1692,1.1923,0.69849,-0.51174,0.58403,0.016629
0.98648,0.5323,1.0066,-0.067561,1.0594,0.0066576
1.1345,0.7339,1.0431,0.049584,1.2253,0.0095947
1.004,1.3966,1.1427,0.39897,1.1931,0.00081698
0.86457,0.92071,0.95581,-0.19778,0.769,0.0081088
0.88598,1.0443,0.99867,-0.050245,0.91052,0.0016763
1.059,0.88641,1.0419,0.024782,0.82023,0.0055353
0.63696,0.37086,0.88354,-0.32039,0.95232,0.018473
0.92582,0.75112,0.91911,-0.17185,0.7079,0.010807
0.96698,1.0895,1.1374,0.4142,1.5686,0.012246
1.079,0.81228,1.0651,0.24495,1.0369,0.0054594
1.05,1.243,1.0379,0.085951,1.0515,0.007547
1.0274,0.65774,1.0937,0.24168,1.2028,0.0035571
0.84683,1.2004,0.94507,-0.21058,0.79386,0.0056024
1.1795,0.83862,0.99034,-0.19419,1.2275,0.00167
1.089,0.5964,0.98435,-0.014214,0.84881,0.0029072
0.79452,1.003,0.93065,-0.25594,0.90043,0.0034485
0.66749,0.81903,0.71016,-0.47326,0.70175,0.0012197
1.1759,0.87032,1.0652,0.065189,1.1425,0.086463
1.0464,0.96733,1.0383,0.032903,1.2137,0.0025201
1.191,1.0258,0.9632,0.040393,0.97951,0.00026769
1.208,1.0695,1.0805,0.13744,1.2637,0.023035
0.66237,0.72546,0.67942,-0.55126,0.5187,0.004239
1.2435,1.1949,0.88035,-0.24614,0.82926,0.00088901
0.55389,1.0792,0.97054,-0.1225,1.0119,0.0027792
0.97279,0.78893,0.97701,-0.053458,0.8764,0.00098225
1.2114,0.71465,0.73711,-0.59113,0.65674,0.0013266
0.89177,1.2821,0.92402,-0.28818,0.88438,0.0016615
0.78051,1.2369,1.0095,-0.027437,1.0164,0.0014818
0.457,1.1619,0.75125,-0.44508,0.76081,0.011194
1.0596,1.1417,1.0956,0.14087,1.2044,0.0021181
1.1358,0.98755,1.0489,0.0074093,1.0817,0.0086137
1.2327,0.67409,0.77419,-0.44082,0.74628,0.0038023
1.0082,0.99841,1.0799,0.15171,0.98855,0.018075
0.9438,0.77793,1.0809,0.18806,1.1776,0.0023877
0.83123,0.99428,0.89531,-0.31509,0.88535,0.00062672
0.77429,1.1704,1.0316,0.039855,1.0416,0.0099093
0.51746,0.81914,0.79492,-0.54355,0.76987,0.016475
1.1655,1.078,0.98607,-0.034222,0.85149,0.0030963
1.1211,0.54401,1.0489,0.013382,0.98554,0.03271
0.98296,1.2462,1.1113,0.28264,1.0904,0.0015626
1.0466,1.0338,1.0545,-0.12362,0.94943,0.0034765
0.62426,0.64117,0.72926,-0.52297,0.63076,0.0034979
0.94197,0.88456,1.1251,0.25956,0.98986,0.036313
0.75763,0.70131,1.0619,0.12418,1.0845,0.0063034
0.88511,1.3105,1.0514,0.082426,0.83454,0.0022934
1.2407,1.3361,0.95869,-0.16997,0.99539,0.00076651
1.245,1.0833,0.74592,-0.43718,0.66036,0.0032294
1.0529,1.0848,1.0802,0.18345,1.2052,0.00888
0.65506,0.96484,0.74817,-0.34865,0.69406,0.0023934
0.88794,1.3742,0.8019,-0.49662,0.6417,0.0079337
0.63221,1.1407,0.88932,-0.33925,0.8595,0.0082836
0.81337,0.85064,1.1041,0.35717,1.1696,0.020868
1.1396,1.3374,1.0049,-0.033919,1.0359,0.0061078
0.93766,0.97899,1.0752,0.2296,0.9586,0.010247
0.98239,1.4125,1.0887,0.18571,1.1064,0.0023983
1.0563,0.99955,1.2363,0.58775,1.2412,0.018841
1.1523,1.2574,0.99845,0.04556,1.0383,0.0022215
1.1736,0.66173,0.98881,-0.06326,0.94816,0.0067018
0.82675,1.3773,0.99452,0.10886,1.104,0.0071988
0.34786,1.1512,0.58022,-0.60572,0.49502,0.0014081
1.0263,1.1676,1.1556,0.38027,1.6213,0.0022284
1.071,1.089,1.0318,-0.057457,0.95934,0.00060291
1.1298,0.86524,1.0437,-0.02983,1.2452,0.051079
1.0543,1.2275,1.0582,0.13571,1.1359,0.0015991
1.1382,1.1619,1.0288,0.14394,1.1519,0.014165
1.0754,0.8702,1.0831,0.21391,1.0306,0.005139
1.1332,1.1909,1.1175,0.272,1.281,0.0044679
1.1862,1.0795,0.98745,-0.069453,0.86879,0.015028
1.1619,0.86803,0.64489,-0.573,0.59429,0.0050812
1.002,0.92288,1.1216,0.1917,1.2536,0.047107
1.0385,1.1038,1.0341,-0.076926,0.96392,0.00172
0.29067,0.90136,0.43395,-0.58187,0.39661,0.0054098
1.0745,0.70998,1.1025,0.33714,0.87385,0.0033016
1.0329,1.102,1.12,0.18399,1.2166,0.033138
0.81343,1.2455,0.81195,-0.45364,0.68308,0.008392
1.2117,0.97596,0.94916,-0.040962,0.9817,0.0016841
0.96962,0.69072,1.1515,0.44707,1.1358,0.0034134
1.0676,0.99419,1.0858,0.23828,1.1799,0.00050886
1.1122,0.81735,1.0781,0.25864,1.3052,0.013928
1.0849,1.2967,1.0746,0.1599,1.1462,0.0062311
0.74874,1.1186,0.84099,-0.27992,0.74309,0.0036424
1.0494,1.2495,1.1096,0.32018,1.1219,0.0050066
1.01,1.1241,1.0678,0.20397,1.118,0.0012276
1.1578,1.3768,1.0091,-0.099552,1.0021,0.0039553
1.1654,1.2283,1.0647,0.11168,1.3213,0.068393
0.87937,1.203,0.9841,-0.084808,0.91101,7.2559e-05
1.186,1.2888,0.85574,-0.31169,0.86872,0.0018349
0.69993,1.0204,0.64766,-0.53601,0.48951,0.10979
1.1691,0.89727,1.0974,0.14365,1.3121,0.003548
0.60064,1.252,0.77536,-0.38463,0.75565,0.0029252
1.2217,1.0391,1.0334,-0.030512,1.0703,0.0005748
1.155,1.2311,1.0138,0.0088977,0.98626,0.002928
0.88031,0.71144,1.0256,0.14451,0.95197,0.0055121
1.0415,1.0125,1.183,0.54482,1.2681,0.010686
0.88087,0.76035,1.0912,0.29684,1.0687,0.0020287
1.0115,0.45147,1.1937,0.43101,1.3139,0.0072472
1.1844,1.014,1.0546,0.20335,0.90936,0.0070604
0.33891,1.1548,0.35857,-0.73196,0.34245,0.0037434
0.83522,1.0491,1.1499,0.43806,1.0512,0.014525
1.1167,1.1757,1.0292,0.072986,1.1384,0.011547
1.1762,1.0819,1.0077,-0.086664,1.0301,0.0012786
1.1671,0.99304,1.0787,0.17682,1.2953,0.0023994
0.43457,1.2031,0.70193,-0.47964,0.64614,0.00055491
1.0894,0.88753,1.1534,0.3335,1.1382,0.026225
0.89119,0.81943,1.0115,0.052347,1.0283,0.0017163
1.1101,1.1858,1.0033,-0.13989,1.0392,0.036796
0.76417,1.3083,1.075,0.10132,0.97187,0.0039483
0.84912,1.0601,0.96154,-0.10559,0.81129,0.022333
0.91728,0.98836,1.1422,0.4817,1.3843,0.0032197
0.90224,0.99959,1.0255,-0.058752,0.91348,0.0027473
1.181,1.1263,1.0506,-0.0067405,1.2015,0.031873
1.1109,1.0924,1.0688,0.10493,1.0478,0.0087951
0.78181,1.2085,0.83604,-0.32716,0.7807,0.00033558
1.072,1.0659,1.0775,0.23879,0.93812,0.0043077
1.1142,1.3662,1.0595,0.10157,0.90235,0.0015362
1.0556,0.86244,1.0784,0.1818,1.3023,0.001661
1.1597,1.1219,0.57801,-0.57499,0.51628,0.0023385
1.065,1.0716,1.1164,0.21788,1.059,0.010951
1.1186,1.2811,1.1472,0.17413,1.222,0.047638
1.1662,1.3519,1.0127,0.010471,0.94132,0.003164
1.0026,1.223,1.0463,-0.002952,1.0291,0.0013904
